Datetime,Water Level (m)
2025-02-23 12:00:00,-0.14841674
2025-02-23 13:00:00,-0.17564327
2025-02-23 14:00:00,-0.19970736
2025-02-23 15:00:00,-0.21949267
2025-02-23 16:00:00,-0.24104808
2025-02-23 17:00:00,-0.26273623
2025-02-23 18:00:00,-0.26041546
2025-02-23 19:00:00,-0.19584797
2025-02-23 20:00:00,-0.10052923
2025-02-23 21:00:00,-0.02797401
2025-02-23 22:00:00,0.014196766
2025-02-23 23:00:00,0.049347214
2025-02-24 00:00:00,0.08082819
2025-02-24 01:00:00,0.0644997
2025-02-24 02:00:00,0.014222833
2025-02-24 03:00:00,-0.01429836
2025-02-24 04:00:00,-0.031426616
2025-02-24 05:00:00,-0.062001117
2025-02-24 06:00:00,-0.10190815
2025-02-24 07:00:00,-0.13876027
2025-02-24 08:00:00,-0.15728705
2025-02-24 09:00:00,-0.13249436
2025-02-24 10:00:00,-0.07021723
2025-02-24 11:00:00,-0.011596779
2025-02-24 12:00:00,-0.014055306
2025-02-24 13:00:00,-0.07786567
2025-02-24 14:00:00,-0.119499624
2025-02-24 15:00:00,-0.12711985
2025-02-24 16:00:00,-0.1375208
2025-02-24 17:00:00,-0.16884044
2025-02-24 18:00:00,-0.20324309
2025-02-24 19:00:00,-0.22587244
2025-02-24 20:00:00,-0.1879202
2025-02-24 21:00:00,-0.07133362
2025-02-24 22:00:00,0.020366378
2025-02-24 23:00:00,0.07865028
2025-02-25 00:00:00,0.10143187
2025-02-25 01:00:00,0.12417071
2025-02-25 02:00:00,0.10106059
2025-02-25 03:00:00,0.050327398
2025-02-25 04:00:00,0.019327065
2025-02-25 05:00:00,0.0014435499
2025-02-25 06:00:00,-0.03109729
2025-02-25 07:00:00,-0.0726597
2025-02-25 08:00:00,-0.10996776
2025-02-25 09:00:00,-0.11544965
2025-02-25 10:00:00,-0.04476648
2025-02-25 11:00:00,0.049857374
2025-02-25 12:00:00,0.103073485
2025-02-25 13:00:00,0.08617505
2025-02-25 14:00:00,0.011035132
2025-02-25 15:00:00,-0.025603639
2025-02-25 16:00:00,-0.033423897
2025-02-25 17:00:00,-0.049890522
2025-02-25 18:00:00,-0.08867801
2025-02-25 19:00:00,-0.13017823
2025-02-25 20:00:00,-0.15501367
2025-02-25 21:00:00,-0.0937034
2025-02-25 22:00:00,0.03985904
2025-02-25 23:00:00,0.13127168
2025-02-26 00:00:00,0.17688568
2025-02-26 01:00:00,0.19635913
2025-02-26 02:00:00,0.20714502
2025-02-26 03:00:00,0.16310367
2025-02-26 04:00:00,0.11448045
2025-02-26 05:00:00,0.08837659
2025-02-26 06:00:00,0.06456592
2025-02-26 07:00:00,0.023504715
2025-02-26 08:00:00,-0.022083534
2025-02-26 09:00:00,-0.05824605
2025-02-26 10:00:00,-0.019908328
2025-02-26 11:00:00,0.10387373
2025-02-26 12:00:00,0.18701576
2025-02-26 13:00:00,0.21349463
2025-02-26 14:00:00,0.17747226
2025-02-26 15:00:00,0.11622268
2025-02-26 16:00:00,0.08579001
2025-02-26 17:00:00,0.066871844
2025-02-26 18:00:00,0.04060946
2025-02-26 19:00:00,-0.0024260466
2025-02-26 20:00:00,-0.04721844
2025-02-26 21:00:00,-0.06738689
2025-02-26 22:00:00,0.0464
2025-02-26 23:00:00,0.17344841
2025-02-27 00:00:00,0.26501742
2025-02-27 01:00:00,0.29036173
2025-02-27 02:00:00,0.31271866
2025-02-27 03:00:00,0.30353677
2025-02-27 04:00:00,0.2434366
2025-02-27 05:00:00,0.19663312
2025-02-27 06:00:00,0.17106183
2025-02-27 07:00:00,0.13736808
2025-02-27 08:00:00,0.08847085
2025-02-27 09:00:00,0.039000202
2025-02-27 10:00:00,0.022182843
2025-02-27 11:00:00,0.14371733
2025-02-27 12:00:00,0.25361758
2025-02-27 13:00:00,0.32230872
2025-02-27 14:00:00,0.3113807
2025-02-27 15:00:00,0.27800635
2025-02-27 16:00:00,0.21527831
2025-02-27 17:00:00,0.18060555
2025-02-27 18:00:00,0.15549888
2025-02-27 19:00:00,0.12068979
2025-02-27 20:00:00,0.0730744
2025-02-27 21:00:00,0.026655715
2025-02-27 22:00:00,0.033321228
2025-02-27 23:00:00,0.19433898
2025-02-28 00:00:00,0.30372453
2025-02-28 01:00:00,0.37554657
2025-02-28 02:00:00,0.3860904
2025-02-28 03:00:00,0.40064284
2025-02-28 04:00:00,0.36293808
2025-02-28 05:00:00,0.30016503
2025-02-28 06:00:00,0.26008075
2025-02-28 07:00:00,0.23408765
2025-02-28 08:00:00,0.18967031
2025-02-28 09:00:00,0.13583292
2025-02-28 10:00:00,0.09183889
2025-02-28 11:00:00,0.14557737
2025-02-28 12:00:00,0.2992223
2025-02-28 13:00:00,0.39265126
2025-02-28 14:00:00,0.42130613
2025-02-28 15:00:00,0.41177657
2025-02-28 16:00:00,0.37670648
2025-02-28 17:00:00,0.31679964
2025-02-28 18:00:00,0.2802863
2025-02-28 19:00:00,0.2550178
2025-02-28 20:00:00,0.2095894
2025-02-28 21:00:00,0.15369864
2025-02-28 22:00:00,0.10551974
2025-02-28 23:00:00,0.16547933
2025-03-01 00:00:00,0.32577917
2025-03-01 01:00:00,0.42709133
2025-03-01 02:00:00,0.46683738
2025-03-01 03:00:00,0.47729322
2025-03-01 04:00:00,0.46978942
2025-03-01 05:00:00,0.41087797
2025-03-01 06:00:00,0.36030272
2025-03-01 07:00:00,0.33050302
2025-03-01 08:00:00,0.29434586
2025-03-01 09:00:00,0.23990136
2025-03-01 10:00:00,0.18381903
2025-03-01 11:00:00,0.15959744
2025-03-01 12:00:00,0.3043403
